{
    "config": {
        "allow_multiple_models": true,
        "allow_orphans": true,
        "count_failed_submissions": true,
        "evaluate": {
            "command": "python evaluate-v2.0.py data.json predictions.json -o eval.json",
            "dependencies": [
                {
                    "child_path": "evaluate-v2.0.py",
                    "parent_path": "",
                    "parent_uuid": "0x6b567e1cf2e041ec80d7098f031c5c9e"
                },
                {
                    "child_path": "data.json",
                    "parent_path": "",
                    "parent_uuid": "0x4fd2e12372a444ed90ba3f186794777c"
                },
                {
                    "child_path": "predictions.json",
                    "parent_path": "",
                    "parent_uuid": "{predict}"
                }
            ],
            "metadata": {
                "request_docker_image": "codalab/ubuntu:1.9"
            },
            "tag": "nurdauqs-test-eval"
        },
        "host": "https://worksheets.codalab.org",
        "log_worksheet_uuid": "0x75a2fb819f364b0f9453d5d63585b878",
        "make_predictions_public": false,
        "max_leaderboard_size": 10000,
        "max_submissions_per_period": 5,
        "max_submissions_total": 20,
        "metadata": {
            "name": "SQuAD v2.0 Competition Leaderboard"
        },
        "predict": {
            "depth": 10,
            "metadata": {},
            "mimic": [
                {
                    "new": "0x4fd2e12372a444ed90ba3f186794777c",
                    "old": "0xb30d937a18574073903bb38b382aab03"
                }
            ],
            "tag": "nurdauqs-test-predict"
        },
        "quota_period_seconds": 86400,
        "refresh_period_seconds": 60,
        "score_specs": [
            {
                "key": "/eval.json:f1",
                "name": "f1"
            },
            {
                "key": "/eval.json:exact",
                "name": "exact_match"
            }
        ],
        "submission_tag": "squad-2.0-test-submit"
    },
    "leaderboard": [
        {
            "bundle": {
                "args": "run evaluate-v2.0.py:0x6b567e1cf2e041ec80d7098f031c5c9e data.json:0x4fd2e12372a444ed90ba3f186794777c predictions.json:0xb35a3d18aa3d4dd5b27da5ca9eb96a67 \"python evaluate-v2.0.py data.json predictions.json -o eval.json\" --request-cpus 1 --request-time 1d --request-memory 2g --request-docker-image codalab/ubuntu:1.9 --request-disk 4g",
                "bundle_type": "run",
                "command": "python evaluate-v2.0.py data.json predictions.json -o eval.json",
                "data_hash": "0xfca0428b5ac6fd4feab7e0f1cd94b147d48687ba",
                "dependencies": [
                    {
                        "child_path": "evaluate-v2.0.py",
                        "child_uuid": "0x8a00e8034f284c909df4bbafbd434de1",
                        "parent_name": "evaluate-v2.0.py",
                        "parent_path": "",
                        "parent_uuid": "0x6b567e1cf2e041ec80d7098f031c5c9e"
                    },
                    {
                        "child_path": "data.json",
                        "child_uuid": "0x8a00e8034f284c909df4bbafbd434de1",
                        "parent_name": "test-v2.0.json",
                        "parent_path": "",
                        "parent_uuid": "0x4fd2e12372a444ed90ba3f186794777c"
                    },
                    {
                        "child_path": "predictions.json",
                        "child_uuid": "0x8a00e8034f284c909df4bbafbd434de1",
                        "parent_name": "huminghao16_163-reader_elmo_verifier.json-predict",
                        "parent_path": "",
                        "parent_uuid": "0xb35a3d18aa3d4dd5b27da5ca9eb96a67"
                    }
                ],
                "id": "0x8a00e8034f284c909df4bbafbd434de1",
                "is_anonymous": false,
                "metadata": {
                    "actions": [],
                    "allow_failed_dependencies": false,
                    "created": 1534946202,
                    "data_size": 4335,
                    "description": "{\"submit_id\": \"0xc5882b04329346be9532624058af7bf9\", \"predict_id\": \"0xb35a3d18aa3d4dd5b27da5ca9eb96a67\", \"submitter_id\": \"0x93eecc3ef5ec49188118ea7286169d3e\"}",
                    "docker_image": "codalab/ubuntu@sha256:a8369aaa7afdb4d242104d85aa660c034a7bf89e438963bf73ba197fe3731be0",
                    "exitcode": 0,
                    "last_updated": 1534947871,
                    "name": "huminghao16_163-reader_elmo_verifier.json-results",
                    "remote": "vm-clws-prod-worker-0",
                    "request_cpus": 1,
                    "request_disk": "4g",
                    "request_docker_image": "codalab/ubuntu:1.9",
                    "request_gpus": 0,
                    "request_memory": "2g",
                    "request_network": false,
                    "request_priority": 0,
                    "request_queue": "",
                    "request_time": "1d",
                    "run_status": "Upload started",
                    "started": 1534947856,
                    "tags": [
                        "nurdauqs-test-eval"
                    ],
                    "time": 11.6995379925
                },
                "owner": {
                    "id": "20891",
                    "type": "users"
                },
                "permission": 2,
                "permission_spec": "all",
                "state": "ready",
                "uuid": "0x8a00e8034f284c909df4bbafbd434de1"
            },
            "scores": {
                "exact_match": 71.69939065673663,
                "f1": 74.23765500442941
            },
            "submission": {
                "created": 1534384851,
                "description": "Reinforced Mnemonic Reader + Answer Verifier (single model) (NUDT) https://arxiv.org/abs/1808.05759",
                "num_period_submissions": 0,
                "num_total_submissions": 1,
                "public": true,
                "user_name": "huminghao16_163"
            }
        },
        {
            "bundle": {
                "args": "run evaluate-v2.0.py:0x6b567e1cf2e041ec80d7098f031c5c9e data.json:0x4fd2e12372a444ed90ba3f186794777c predictions.json:0x4eb86eb4e16745b6bd977dbd2a2c589b \"python evaluate-v2.0.py data.json predictions.json -o eval.json\" --request-cpus 1 --request-time 1d --request-memory 2g --request-docker-image codalab/ubuntu:1.9 --request-disk 4g",
                "bundle_type": "run",
                "command": "python evaluate-v2.0.py data.json predictions.json -o eval.json",
                "data_hash": "0x21e827f4826df455a44ed61a823662b49cb54d0b",
                "dependencies": [
                    {
                        "child_path": "evaluate-v2.0.py",
                        "child_uuid": "0x235d1cf0ab4e492daad15d431cf49073",
                        "parent_name": "evaluate-v2.0.py",
                        "parent_path": "",
                        "parent_uuid": "0x6b567e1cf2e041ec80d7098f031c5c9e"
                    },
                    {
                        "child_path": "data.json",
                        "child_uuid": "0x235d1cf0ab4e492daad15d431cf49073",
                        "parent_name": "test-v2.0.json",
                        "parent_path": "",
                        "parent_uuid": "0x4fd2e12372a444ed90ba3f186794777c"
                    },
                    {
                        "child_path": "predictions.json",
                        "child_uuid": "0x235d1cf0ab4e492daad15d431cf49073",
                        "parent_name": "chezhu-predictions-FUSIONNET-predict",
                        "parent_path": "",
                        "parent_uuid": "0x4eb86eb4e16745b6bd977dbd2a2c589b"
                    }
                ],
                "id": "0x235d1cf0ab4e492daad15d431cf49073",
                "is_anonymous": false,
                "metadata": {
                    "actions": [],
                    "allow_failed_dependencies": false,
                    "created": 1535089198,
                    "data_size": 4340,
                    "description": "{\"submit_id\": \"0x31f533a5b80249ebb920b2178388e9d1\", \"predict_id\": \"0x4eb86eb4e16745b6bd977dbd2a2c589b\", \"submitter_id\": \"0xf901023dd2d84839ab7c436376a808cf\"}",
                    "docker_image": "codalab/ubuntu@sha256:a8369aaa7afdb4d242104d85aa660c034a7bf89e438963bf73ba197fe3731be0",
                    "exitcode": 0,
                    "last_updated": 1535106210,
                    "name": "chezhu-predictions-FUSIONNET-results",
                    "remote": "vm-clws-prod-worker-1",
                    "request_cpus": 1,
                    "request_disk": "4g",
                    "request_docker_image": "codalab/ubuntu:1.9",
                    "request_gpus": 0,
                    "request_memory": "2g",
                    "request_network": false,
                    "request_priority": 0,
                    "request_queue": "",
                    "request_time": "1d",
                    "run_status": "Upload started",
                    "started": 1535106195,
                    "tags": [
                        "nurdauqs-test-eval"
                    ],
                    "time": 11.4814398289
                },
                "owner": {
                    "id": "20891",
                    "type": "users"
                },
                "permission": 2,
                "permission_spec": "all",
                "state": "ready",
                "uuid": "0x235d1cf0ab4e492daad15d431cf49073"
            },
            "scores": {
                "exact_match": 70.34529451591062,
                "f1": 72.55537105885507
            },
            "submission": {
                "created": 1534880870,
                "description": "FusionNet++ (ensemble) (Microsoft Business Applications Group AI Research)  https://arxiv.org/abs/1711.07341",
                "num_period_submissions": 0,
                "num_total_submissions": 2,
                "public": true,
                "user_name": "chezhu"
            }
        },
        {
            "bundle": {
                "args": "run evaluate-v2.0.py:0x6b567e1cf2e041ec80d7098f031c5c9e data.json:0x4fd2e12372a444ed90ba3f186794777c predictions.json:0x6b93f1a64b2e4e11a1cc889c0b194f7a \"python evaluate-v2.0.py data.json predictions.json -o eval.json\" --request-cpus 1 --request-time 1d --request-memory 2g --request-docker-image codalab/ubuntu:1.9 --request-disk 4g",
                "bundle_type": "run",
                "command": "python evaluate-v2.0.py data.json predictions.json -o eval.json",
                "data_hash": "0x9f2056744b51df47ebc873587582bb0289ea9a59",
                "dependencies": [
                    {
                        "child_path": "evaluate-v2.0.py",
                        "child_uuid": "0x7e43104af5ce4e13a3bded063e71d62a",
                        "parent_name": "evaluate-v2.0.py",
                        "parent_path": "",
                        "parent_uuid": "0x6b567e1cf2e041ec80d7098f031c5c9e"
                    },
                    {
                        "child_path": "data.json",
                        "child_uuid": "0x7e43104af5ce4e13a3bded063e71d62a",
                        "parent_name": "test-v2.0.json",
                        "parent_path": "",
                        "parent_uuid": "0x4fd2e12372a444ed90ba3f186794777c"
                    },
                    {
                        "child_path": "predictions.json",
                        "child_uuid": "0x7e43104af5ce4e13a3bded063e71d62a",
                        "parent_name": "nlpfarmer04-predictions-SAN-predict",
                        "parent_path": "",
                        "parent_uuid": "0x6b93f1a64b2e4e11a1cc889c0b194f7a"
                    }
                ],
                "id": "0x7e43104af5ce4e13a3bded063e71d62a",
                "is_anonymous": false,
                "metadata": {
                    "actions": [],
                    "allow_failed_dependencies": false,
                    "created": 1535123484,
                    "data_size": 4340,
                    "description": "{\"submit_id\": \"0x0522d9318cde45158133044202a6b9dd\", \"predict_id\": \"0x6b93f1a64b2e4e11a1cc889c0b194f7a\", \"submitter_id\": \"0x4f6cf2091be34ee9a9977e5229bbfff8\"}",
                    "docker_image": "codalab/ubuntu@sha256:a8369aaa7afdb4d242104d85aa660c034a7bf89e438963bf73ba197fe3731be0",
                    "exitcode": 0,
                    "last_updated": 1535125068,
                    "name": "nlpfarmer04-predictions-SAN-results",
                    "remote": "vm-clws-prod-worker-0",
                    "request_cpus": 1,
                    "request_disk": "4g",
                    "request_docker_image": "codalab/ubuntu:1.9",
                    "request_gpus": 0,
                    "request_memory": "2g",
                    "request_network": false,
                    "request_priority": 0,
                    "request_queue": "",
                    "request_time": "1d",
                    "run_status": "Upload started",
                    "started": 1535125052,
                    "tags": [
                        "nurdauqs-test-eval"
                    ],
                    "time": 11.7943689823
                },
                "owner": {
                    "id": "20891",
                    "type": "users"
                },
                "permission": 2,
                "permission_spec": "all",
                "state": "ready",
                "uuid": "0x7e43104af5ce4e13a3bded063e71d62a"
            },
            "scores": {
                "exact_match": 68.65267433987813,
                "f1": 71.44114628603303
            },
            "submission": {
                "created": 1534888557,
                "description": "SAN (single model) (Microsoft Business Applications Research Group) https://arxiv.org/abs/1712.03556",
                "num_period_submissions": 0,
                "num_total_submissions": 1,
                "public": true,
                "user_name": "nlpfarmer04"
            }
        },
        {
            "bundle": {
                "args": "run evaluate-v2.0.py:0x6b567e1cf2e041ec80d7098f031c5c9e data.json:0x4fd2e12372a444ed90ba3f186794777c predictions.json:0x1f5a16d5dbf64b0bb112dda7e24b29a0 \"python evaluate-v2.0.py data.json predictions.json -o eval.json\" --request-cpus 1 --request-time 1d --request-memory 2g --request-docker-image codalab/ubuntu:1.9 --request-disk 4g",
                "bundle_type": "run",
                "command": "python evaluate-v2.0.py data.json predictions.json -o eval.json",
                "data_hash": "0x22e4c0470e0af7fc5e35909e14e8bba2412a554c",
                "dependencies": [
                    {
                        "child_path": "evaluate-v2.0.py",
                        "child_uuid": "0xa18f846b9b71492688c07c7d9be7d460",
                        "parent_name": "evaluate-v2.0.py",
                        "parent_path": "",
                        "parent_uuid": "0x6b567e1cf2e041ec80d7098f031c5c9e"
                    },
                    {
                        "child_path": "data.json",
                        "child_uuid": "0xa18f846b9b71492688c07c7d9be7d460",
                        "parent_name": "test-v2.0.json",
                        "parent_path": "",
                        "parent_uuid": "0x4fd2e12372a444ed90ba3f186794777c"
                    },
                    {
                        "child_path": "predictions.json",
                        "child_uuid": "0xa18f846b9b71492688c07c7d9be7d460",
                        "parent_name": "parkce_knu-predictions-vs3-net-predict",
                        "parent_path": "",
                        "parent_uuid": "0x1f5a16d5dbf64b0bb112dda7e24b29a0"
                    }
                ],
                "id": "0xa18f846b9b71492688c07c7d9be7d460",
                "is_anonymous": false,
                "metadata": {
                    "actions": [],
                    "allow_failed_dependencies": false,
                    "created": 1531505651,
                    "data_size": 4338,
                    "description": "{\"submit_id\": \"0xb9207260f2e64dc89bb1f4c8279d7fae\", \"predict_id\": \"0x1f5a16d5dbf64b0bb112dda7e24b29a0\", \"submitter_id\": \"0x646e6367aed84898ae6d77a140ecd2ee\"}",
                    "docker_image": "codalab/ubuntu@sha256:a8369aaa7afdb4d242104d85aa660c034a7bf89e438963bf73ba197fe3731be0",
                    "exitcode": 0,
                    "last_updated": 1531506606,
                    "memory_max": 0.0,
                    "name": "parkce_knu-predictions-vs3-net-results",
                    "remote": "vm-clws-prod-surgeworker-6",
                    "request_cpus": 1,
                    "request_disk": "4g",
                    "request_docker_image": "codalab/ubuntu:1.9",
                    "request_gpus": 0,
                    "request_memory": "2g",
                    "request_network": false,
                    "request_priority": 0,
                    "request_queue": "",
                    "request_time": "1d",
                    "run_status": "Finished",
                    "started": 1531506602,
                    "tags": [
                        "nurdauqs-test-eval"
                    ],
                    "time": 4.12982106209
                },
                "owner": {
                    "id": "20891",
                    "type": "users"
                },
                "permission": 2,
                "permission_spec": "all",
                "state": "ready",
                "uuid": "0xa18f846b9b71492688c07c7d9be7d460"
            },
            "scores": {
                "exact_match": 68.43827578424735,
                "f1": 71.28159445349658
            },
            "submission": {
                "created": 1531500555,
                "description": "VS^3-NET (single model) (Kangwon National University in South Korea)",
                "num_period_submissions": 0,
                "num_total_submissions": 1,
                "public": false,
                "user_name": "parkce_knu"
            }
        },
        {
            "bundle": {
                "args": "run evaluate-v2.0.py:0x6b567e1cf2e041ec80d7098f031c5c9e data.json:0x4fd2e12372a444ed90ba3f186794777c predictions.json:0xc0a781e854d846c1ab4327116d90dfea \"python evaluate-v2.0.py data.json predictions.json -o eval.json\" --request-cpus 1 --request-time 1d --request-memory 2g --request-docker-image codalab/ubuntu:1.9 --request-disk 4g",
                "bundle_type": "run",
                "command": "python evaluate-v2.0.py data.json predictions.json -o eval.json",
                "data_hash": "0x3fef05ddcfabda36c5ffbfe2172adaf4607670f1",
                "dependencies": [
                    {
                        "child_path": "evaluate-v2.0.py",
                        "child_uuid": "0x4a3b5fd6d05f42a6803555ea9bceddd3",
                        "parent_name": "evaluate-v2.0.py",
                        "parent_path": "",
                        "parent_uuid": "0x6b567e1cf2e041ec80d7098f031c5c9e"
                    },
                    {
                        "child_path": "data.json",
                        "child_uuid": "0x4a3b5fd6d05f42a6803555ea9bceddd3",
                        "parent_name": "test-v2.0.json",
                        "parent_path": "",
                        "parent_uuid": "0x4fd2e12372a444ed90ba3f186794777c"
                    },
                    {
                        "child_path": "predictions.json",
                        "child_uuid": "0x4a3b5fd6d05f42a6803555ea9bceddd3",
                        "parent_name": "dgr1026-predictions-KACTEIL-MRC_GFN-NET-predict",
                        "parent_path": "",
                        "parent_uuid": "0xc0a781e854d846c1ab4327116d90dfea"
                    }
                ],
                "id": "0x4a3b5fd6d05f42a6803555ea9bceddd3",
                "is_anonymous": false,
                "metadata": {
                    "actions": [],
                    "allow_failed_dependencies": false,
                    "created": 1529992297,
                    "data_size": 4338,
                    "description": "{\"submit_id\": \"0x36bf9978b54d4a0e82627c77ff5130ad\", \"predict_id\": \"0xc0a781e854d846c1ab4327116d90dfea\", \"submitter_id\": \"0x571388a3c4624ccea2ad77f874c34478\"}",
                    "docker_image": "codalab/ubuntu@sha256:a8369aaa7afdb4d242104d85aa660c034a7bf89e438963bf73ba197fe3731be0",
                    "exitcode": 0,
                    "last_updated": 1529993445,
                    "memory_max": 0.0,
                    "name": "dgr1026-predictions-KACTEIL-MRC_GFN-NET-results",
                    "remote": "vm-clws-prod-surgeworker-6",
                    "request_cpus": 1,
                    "request_disk": "4g",
                    "request_docker_image": "codalab/ubuntu:1.9",
                    "request_gpus": 0,
                    "request_memory": "2g",
                    "request_network": false,
                    "request_priority": 0,
                    "request_queue": "",
                    "request_time": "1d",
                    "run_status": "Finished",
                    "started": 1529993441,
                    "tags": [
                        "nurdauqs-test-eval"
                    ],
                    "time": 3.81129789352
                },
                "owner": {
                    "id": "20891",
                    "type": "users"
                },
                "permission": 2,
                "permission_spec": "all",
                "state": "ready",
                "uuid": "0x4a3b5fd6d05f42a6803555ea9bceddd3"
            },
            "scores": {
                "exact_match": 68.22387722861656,
                "f1": 70.87052567187173
            },
            "submission": {
                "created": 1529905061,
                "description": "KACTEIL-MRC(GFN-Net) (single model) (Kangwon National University, Natural Language Processing Lab.)",
                "num_period_submissions": 0,
                "num_total_submissions": 1,
                "public": true,
                "user_name": "dgr1026"
            }
        },
        {
            "bundle": {
                "args": "run evaluate-v2.0.py:0x6b567e1cf2e041ec80d7098f031c5c9e data.json:0x4fd2e12372a444ed90ba3f186794777c predictions.json:0xe48b2b5c12fe43a0a1ff4ac212e65b29 \"python evaluate-v2.0.py data.json predictions.json -o eval.json\" --request-cpus 1 --request-time 1d --request-memory 2g --request-docker-image codalab/ubuntu:1.9 --request-disk 4g",
                "bundle_type": "run",
                "command": "python evaluate-v2.0.py data.json predictions.json -o eval.json",
                "data_hash": "0x0efb0c3e481098ff8df7802dc8b33625cddbe121",
                "dependencies": [
                    {
                        "child_path": "evaluate-v2.0.py",
                        "child_uuid": "0xb8bd35a03cdb45669a6ff57dccf773ae",
                        "parent_name": "evaluate-v2.0.py",
                        "parent_path": "",
                        "parent_uuid": "0x6b567e1cf2e041ec80d7098f031c5c9e"
                    },
                    {
                        "child_path": "data.json",
                        "child_uuid": "0xb8bd35a03cdb45669a6ff57dccf773ae",
                        "parent_name": "test-v2.0.json",
                        "parent_path": "",
                        "parent_uuid": "0x4fd2e12372a444ed90ba3f186794777c"
                    },
                    {
                        "child_path": "predictions.json",
                        "child_uuid": "0xb8bd35a03cdb45669a6ff57dccf773ae",
                        "parent_name": "dgr1026-predictions-KACTEIL-MRC_GFN-NET2-predict",
                        "parent_path": "",
                        "parent_uuid": "0xe48b2b5c12fe43a0a1ff4ac212e65b29"
                    }
                ],
                "id": "0xb8bd35a03cdb45669a6ff57dccf773ae",
                "is_anonymous": false,
                "metadata": {
                    "actions": [],
                    "allow_failed_dependencies": false,
                    "created": 1534946217,
                    "data_size": 4338,
                    "description": "",
                    "docker_image": "codalab/ubuntu@sha256:a8369aaa7afdb4d242104d85aa660c034a7bf89e438963bf73ba197fe3731be0",
                    "exitcode": 0,
                    "last_updated": 1534948678,
                    "name": "dgr1026-predictions-KACTEIL-MRC_GFN-NET2-results",
                    "remote": "vm-clws-prod-worker-0",
                    "request_cpus": 1,
                    "request_disk": "4g",
                    "request_docker_image": "codalab/ubuntu:1.9",
                    "request_gpus": 0,
                    "request_memory": "2g",
                    "request_network": false,
                    "request_priority": 0,
                    "request_queue": "",
                    "request_time": "1d",
                    "run_status": "Upload started",
                    "started": 1534948663,
                    "tags": [
                        "nurdauqs-test-eval"
                    ],
                    "time": 11.6800279617
                },
                "owner": {
                    "id": "20891",
                    "type": "users"
                },
                "permission": 2,
                "permission_spec": "all",
                "state": "ready",
                "uuid": "0xb8bd35a03cdb45669a6ff57dccf773ae"
            },
            "scores": {
                "exact_match": 67.36628300609344,
                "f1": 70.32439944055261
            },
            "submission": {
                "created": 1534946217,
                "description": "",
                "num_period_submissions": 0,
                "num_total_submissions": 0,
                "public": null,
                "user_name": null
            }
        },
        {
            "bundle": {
                "args": "run evaluate-v2.0.py:0x6b567e1cf2e041ec80d7098f031c5c9e data.json:0x4fd2e12372a444ed90ba3f186794777c predictions.json:0xc5bed932f4b74952a9ed4e55f42cee24 \"python evaluate-v2.0.py data.json predictions.json -o eval.json\" --request-cpus 1 --request-time 1d --request-memory 2g --request-docker-image codalab/ubuntu:1.9 --request-disk 4g",
                "bundle_type": "run",
                "command": "python evaluate-v2.0.py data.json predictions.json -o eval.json",
                "data_hash": "0xc5543cd690f3b1662d7f4bd9e6d81a92accf0577",
                "dependencies": [
                    {
                        "child_path": "evaluate-v2.0.py",
                        "child_uuid": "0x05886b400d9445089b92cb59607cffea",
                        "parent_name": "evaluate-v2.0.py",
                        "parent_path": "",
                        "parent_uuid": "0x6b567e1cf2e041ec80d7098f031c5c9e"
                    },
                    {
                        "child_path": "data.json",
                        "child_uuid": "0x05886b400d9445089b92cb59607cffea",
                        "parent_name": "test-v2.0.json",
                        "parent_path": "",
                        "parent_uuid": "0x4fd2e12372a444ed90ba3f186794777c"
                    },
                    {
                        "child_path": "predictions.json",
                        "child_uuid": "0x05886b400d9445089b92cb59607cffea",
                        "parent_name": "chezhu-predictions-FUSION_SINGLE-predict",
                        "parent_path": "",
                        "parent_uuid": "0xc5bed932f4b74952a9ed4e55f42cee24"
                    }
                ],
                "id": "0x05886b400d9445089b92cb59607cffea",
                "is_anonymous": false,
                "metadata": {
                    "actions": [],
                    "allow_failed_dependencies": false,
                    "created": 1535209150,
                    "data_size": 4338,
                    "description": "{\"submit_id\": \"0x319cbef470744e19b6839685e4bc1a30\", \"predict_id\": \"0xc5bed932f4b74952a9ed4e55f42cee24\", \"submitter_id\": \"0xf901023dd2d84839ab7c436376a808cf\"}",
                    "docker_image": "codalab/ubuntu@sha256:a8369aaa7afdb4d242104d85aa660c034a7bf89e438963bf73ba197fe3731be0",
                    "exitcode": 0,
                    "last_updated": 1535220238,
                    "name": "chezhu-predictions-FUSION_SINGLE-results",
                    "remote": "vm-clws-prod-worker-1",
                    "request_cpus": 1,
                    "request_disk": "4g",
                    "request_docker_image": "codalab/ubuntu:1.9",
                    "request_gpus": 0,
                    "request_memory": "2g",
                    "request_network": false,
                    "request_priority": 0,
                    "request_queue": "",
                    "request_time": "1d",
                    "run_status": "Upload started",
                    "started": 1535220222,
                    "tags": [
                        "nurdauqs-test-eval"
                    ],
                    "time": 11.680175066
                },
                "owner": {
                    "id": "20891",
                    "type": "users"
                },
                "permission": 2,
                "permission_spec": "all",
                "state": "ready",
                "uuid": "0x05886b400d9445089b92cb59607cffea"
            },
            "scores": {
                "exact_match": 67.08417964342135,
                "f1": 69.8414889392968
            },
            "submission": {
                "created": 1534902926,
                "description": "",
                "num_period_submissions": 0,
                "num_total_submissions": 2,
                "public": true,
                "user_name": "chezhu"
            }
        },
        {
            "bundle": {
                "args": "run evaluate-v2.0.py:0x6b567e1cf2e041ec80d7098f031c5c9e data.json:0x4fd2e12372a444ed90ba3f186794777c predictions.json:0x4b12ce5f8945441baa9a828d435d60a3 \"python evaluate-v2.0.py data.json predictions.json -o eval.json\" --request-cpus 1 --request-time 1d --request-memory 2g --request-docker-image codalab/ubuntu:1.9 --request-disk 4g",
                "bundle_type": "run",
                "command": "python evaluate-v2.0.py data.json predictions.json -o eval.json",
                "data_hash": "0xf49172519988c55f881e16e466b975032d22f90e",
                "dependencies": [
                    {
                        "child_path": "evaluate-v2.0.py",
                        "child_uuid": "0x7f4a31d52e8a4860b161f7284b8d2421",
                        "parent_name": "evaluate-v2.0.py",
                        "parent_path": "",
                        "parent_uuid": "0x6b567e1cf2e041ec80d7098f031c5c9e"
                    },
                    {
                        "child_path": "data.json",
                        "child_uuid": "0x7f4a31d52e8a4860b161f7284b8d2421",
                        "parent_name": "test-v2.0.json",
                        "parent_path": "",
                        "parent_uuid": "0x4fd2e12372a444ed90ba3f186794777c"
                    },
                    {
                        "child_path": "predictions.json",
                        "child_uuid": "0x7f4a31d52e8a4860b161f7284b8d2421",
                        "parent_name": "ehfehf-predictions-Candi-Net-single-model-predict",
                        "parent_path": "",
                        "parent_uuid": "0x4b12ce5f8945441baa9a828d435d60a3"
                    }
                ],
                "id": "0x7f4a31d52e8a4860b161f7284b8d2421",
                "is_anonymous": false,
                "metadata": {
                    "actions": [],
                    "allow_failed_dependencies": false,
                    "created": 1533827772,
                    "data_size": 4337,
                    "description": "{\"submit_id\": \"0xd220b6c05e304d098faee5b7d5feffff\", \"predict_id\": \"0x4b12ce5f8945441baa9a828d435d60a3\", \"submitter_id\": \"0x690900fa366f4693a0bc02df9db1873b\"}",
                    "docker_image": "codalab/ubuntu@sha256:a8369aaa7afdb4d242104d85aa660c034a7bf89e438963bf73ba197fe3731be0",
                    "exitcode": 0,
                    "last_updated": 1533928350,
                    "name": "ehfehf-predictions-Candi-Net-single-model-results",
                    "remote": "vm-clws-prod-worker-1",
                    "request_cpus": 1,
                    "request_disk": "4g",
                    "request_docker_image": "codalab/ubuntu:1.9",
                    "request_gpus": 0,
                    "request_memory": "2g",
                    "request_network": false,
                    "request_priority": 0,
                    "request_queue": "",
                    "request_time": "1d",
                    "run_status": "Upload started",
                    "started": 1533928278,
                    "tags": [
                        "nurdauqs-test-eval"
                    ],
                    "time": 11.4515190125
                },
                "owner": {
                    "id": "20891",
                    "type": "users"
                },
                "permission": 2,
                "permission_spec": "all",
                "state": "ready",
                "uuid": "0x7f4a31d52e8a4860b161f7284b8d2421"
            },
            "scores": {
                "exact_match": 67.27600993003837,
                "f1": 69.53917142794312
            },
            "submission": {
                "created": 1533615236,
                "description": "Candi-Net (single model) (42Maru NLP Team)",
                "num_period_submissions": 0,
                "num_total_submissions": 1,
                "public": false,
                "user_name": "ehfehf"
            }
        },
        {
            "bundle": {
                "args": "run evaluate-v2.0.py:0x6b567e1cf2e041ec80d7098f031c5c9e data.json:0x4fd2e12372a444ed90ba3f186794777c predictions.json:0xc46189c15d8d4beaa3bc7f9d75648a8f \"python evaluate-v2.0.py data.json predictions.json -o eval.json\" --request-cpus 1 --request-time 1d --request-memory 2g --request-docker-image codalab/ubuntu:1.9 --request-disk 4g",
                "bundle_type": "run",
                "command": "python evaluate-v2.0.py data.json predictions.json -o eval.json",
                "data_hash": "0x24addaac2a0386415ff94ec823507ad92498cc6c",
                "dependencies": [
                    {
                        "child_path": "evaluate-v2.0.py",
                        "child_uuid": "0x467c90a3776340c1b604f41345a98a3d",
                        "parent_name": "evaluate-v2.0.py",
                        "parent_path": "",
                        "parent_uuid": "0x6b567e1cf2e041ec80d7098f031c5c9e"
                    },
                    {
                        "child_path": "data.json",
                        "child_uuid": "0x467c90a3776340c1b604f41345a98a3d",
                        "parent_name": "test-v2.0.json",
                        "parent_path": "",
                        "parent_uuid": "0x4fd2e12372a444ed90ba3f186794777c"
                    },
                    {
                        "child_path": "predictions.json",
                        "child_uuid": "0x467c90a3776340c1b604f41345a98a3d",
                        "parent_name": "heuristic.085-predictions-KakaoNet2-predict",
                        "parent_path": "",
                        "parent_uuid": "0xc46189c15d8d4beaa3bc7f9d75648a8f"
                    }
                ],
                "id": "0x467c90a3776340c1b604f41345a98a3d",
                "is_anonymous": false,
                "metadata": {
                    "actions": [],
                    "allow_failed_dependencies": false,
                    "created": 1529985994,
                    "data_size": 4338,
                    "description": "{\"submit_id\": \"0x88de89cfa9cf44b199342f3dc4714db3\", \"predict_id\": \"0xc46189c15d8d4beaa3bc7f9d75648a8f\", \"submitter_id\": \"0x642c071812654620b752c909eb9da81f\"}",
                    "docker_image": "codalab/ubuntu@sha256:a8369aaa7afdb4d242104d85aa660c034a7bf89e438963bf73ba197fe3731be0",
                    "exitcode": 0,
                    "last_updated": 1529987813,
                    "memory_max": 0.0,
                    "name": "heuristic.085-predictions-KakaoNet2-results",
                    "remote": "vm-clws-prod-surgeworker-6",
                    "request_cpus": 1,
                    "request_disk": "4g",
                    "request_docker_image": "codalab/ubuntu:1.9",
                    "request_gpus": 0,
                    "request_memory": "2g",
                    "request_network": false,
                    "request_priority": 0,
                    "request_queue": "",
                    "request_time": "1d",
                    "run_status": "Finished",
                    "started": 1529987809,
                    "tags": [
                        "nurdauqs-test-eval"
                    ],
                    "time": 3.92899298668
                },
                "owner": {
                    "id": "20891",
                    "type": "users"
                },
                "permission": 2,
                "permission_spec": "all",
                "state": "ready",
                "uuid": "0x467c90a3776340c1b604f41345a98a3d"
            },
            "scores": {
                "exact_match": 65.70751523358159,
                "f1": 69.36949509995944
            },
            "submission": {
                "created": 1529982640,
                "description": "KakaoNet2 (single model) (Kakao NLP Team)",
                "num_period_submissions": 0,
                "num_total_submissions": 1,
                "public": false,
                "user_name": "heuristic.085"
            }
        },
        {
            "bundle": {
                "args": "run evaluate-v2.0.py:0x6b567e1cf2e041ec80d7098f031c5c9e data.json:0x4fd2e12372a444ed90ba3f186794777c predictions.json:0xeded19aa3de644d58e18ee78ec404ca7 \"python evaluate-v2.0.py data.json predictions.json -o eval.json\" --request-cpus 1 --request-time 1d --request-memory 2g --request-docker-image codalab/ubuntu:1.9 --request-disk 4g",
                "bundle_type": "run",
                "command": "python evaluate-v2.0.py data.json predictions.json -o eval.json",
                "data_hash": "0x607f5bd7e2447855503621a68501532ca74765ad",
                "dependencies": [
                    {
                        "child_path": "evaluate-v2.0.py",
                        "child_uuid": "0x0e4c747a68814b15960cb9a3de176f16",
                        "parent_name": "evaluate-v2.0.py",
                        "parent_path": "",
                        "parent_uuid": "0x6b567e1cf2e041ec80d7098f031c5c9e"
                    },
                    {
                        "child_path": "data.json",
                        "child_uuid": "0x0e4c747a68814b15960cb9a3de176f16",
                        "parent_name": "test-v2.0.json",
                        "parent_path": "",
                        "parent_uuid": "0x4fd2e12372a444ed90ba3f186794777c"
                    },
                    {
                        "child_path": "predictions.json",
                        "child_uuid": "0x0e4c747a68814b15960cb9a3de176f16",
                        "parent_name": "TONYZHOU96-predictions-abcNet-predict",
                        "parent_path": "",
                        "parent_uuid": "0xeded19aa3de644d58e18ee78ec404ca7"
                    }
                ],
                "id": "0x0e4c747a68814b15960cb9a3de176f16",
                "is_anonymous": false,
                "metadata": {
                    "actions": [],
                    "allow_failed_dependencies": false,
                    "created": 1531322419,
                    "data_size": 4339,
                    "description": "{\"submit_id\": \"0x0e9a5b1f7d664d50b3a3a26077442c22\", \"predict_id\": \"0xeded19aa3de644d58e18ee78ec404ca7\", \"submitter_id\": \"0x2dbf46df01814e81863c14e5a4e54935\"}",
                    "docker_image": "codalab/ubuntu@sha256:a8369aaa7afdb4d242104d85aa660c034a7bf89e438963bf73ba197fe3731be0",
                    "exitcode": 0,
                    "last_updated": 1531323226,
                    "memory_max": 0.0,
                    "name": "TONYZHOU96-predictions-abcNet-results",
                    "remote": "vm-clws-prod-surgeworker-4",
                    "request_cpus": 1,
                    "request_disk": "4g",
                    "request_docker_image": "codalab/ubuntu:1.9",
                    "request_gpus": 0,
                    "request_memory": "2g",
                    "request_network": false,
                    "request_priority": 0,
                    "request_queue": "",
                    "request_time": "1d",
                    "run_status": "Finished",
                    "started": 1531323222,
                    "tags": [
                        "nurdauqs-test-eval"
                    ],
                    "time": 3.9549779892
                },
                "owner": {
                    "id": "20891",
                    "type": "users"
                },
                "permission": 2,
                "permission_spec": "all",
                "state": "ready",
                "uuid": "0x0e4c747a68814b15960cb9a3de176f16"
            },
            "scores": {
                "exact_match": 65.25614985330625,
                "f1": 69.1980300691472
            },
            "submission": {
                "created": 1531312744,
                "description": "abcNet (single model) (Fudan University & Liulishuo AI Lab)",
                "num_period_submissions": 0,
                "num_total_submissions": 2,
                "public": true,
                "user_name": "TONYZHOU96"
            }
        },
        {
            "bundle": {
                "args": "run evaluate-v2.0.py:0x6b567e1cf2e041ec80d7098f031c5c9e data.json:0x4fd2e12372a444ed90ba3f186794777c predictions.json:0xaf2ef9f814484e768a12414475f426a0 \"python evaluate-v2.0.py data.json predictions.json -o eval.json\" --request-cpus 1 --request-time 1d --request-memory 2g --request-docker-image codalab/ubuntu:1.9 --request-disk 4g",
                "bundle_type": "run",
                "command": "python evaluate-v2.0.py data.json predictions.json -o eval.json",
                "data_hash": "0xb245fd2c17c2a4f1bba730224e26298c4acc6db5",
                "dependencies": [
                    {
                        "child_path": "evaluate-v2.0.py",
                        "child_uuid": "0xe8bac5f293a945b88af7805a79c4009f",
                        "parent_name": "evaluate-v2.0.py",
                        "parent_path": "",
                        "parent_uuid": "0x6b567e1cf2e041ec80d7098f031c5c9e"
                    },
                    {
                        "child_path": "data.json",
                        "child_uuid": "0xe8bac5f293a945b88af7805a79c4009f",
                        "parent_name": "test-v2.0.json",
                        "parent_path": "",
                        "parent_uuid": "0x4fd2e12372a444ed90ba3f186794777c"
                    },
                    {
                        "child_path": "predictions.json",
                        "child_uuid": "0xe8bac5f293a945b88af7805a79c4009f",
                        "parent_name": "mandar90-predictions-wordpair2vec-predict",
                        "parent_path": "",
                        "parent_uuid": "0xaf2ef9f814484e768a12414475f426a0"
                    }
                ],
                "id": "0xe8bac5f293a945b88af7805a79c4009f",
                "is_anonymous": false,
                "metadata": {
                    "actions": [],
                    "allow_failed_dependencies": false,
                    "created": 1535089217,
                    "data_size": 4339,
                    "description": "{\"submit_id\": \"0x18e34d6ef492485884e374b5357831db\", \"predict_id\": \"0xaf2ef9f814484e768a12414475f426a0\", \"submitter_id\": \"0x5cbbc3bebb194aeca51dd6bb59949074\"}",
                    "docker_image": "codalab/ubuntu@sha256:a8369aaa7afdb4d242104d85aa660c034a7bf89e438963bf73ba197fe3731be0",
                    "exitcode": 0,
                    "last_updated": 1535106774,
                    "name": "mandar90-predictions-wordpair2vec-results",
                    "remote": "vm-clws-prod-worker-1",
                    "request_cpus": 1,
                    "request_disk": "4g",
                    "request_docker_image": "codalab/ubuntu:1.9",
                    "request_gpus": 0,
                    "request_memory": "2g",
                    "request_network": false,
                    "request_priority": 0,
                    "request_queue": "",
                    "request_time": "1d",
                    "run_status": "Upload started",
                    "started": 1535106759,
                    "tags": [
                        "nurdauqs-test-eval"
                    ],
                    "time": 11.8355090618
                },
                "owner": {
                    "id": "20891",
                    "type": "users"
                },
                "permission": 2,
                "permission_spec": "all",
                "state": "ready",
                "uuid": "0xe8bac5f293a945b88af7805a79c4009f"
            },
            "scores": {
                "exact_match": 64.87248928007222,
                "f1": 67.52492342942254
            },
            "submission": {
                "created": 1535083182,
                "description": "wordpair2vec (single model) (University of Washington and FAIR)",
                "num_period_submissions": 0,
                "num_total_submissions": 1,
                "public": true,
                "user_name": "mandar90"
            }
        },
        {
            "bundle": {
                "args": "run evaluate-v2.0.py:0x6b567e1cf2e041ec80d7098f031c5c9e data.json:0x4fd2e12372a444ed90ba3f186794777c predictions.json:0x495abaf8d6874d9ea476ae19407d93b3 \"python evaluate-v2.0.py data.json predictions.json -o eval.json\" --request-cpus 1 --request-time 1d --request-memory 2g --request-docker-image codalab/ubuntu:1.9 --request-disk 4g",
                "bundle_type": "run",
                "command": "python evaluate-v2.0.py data.json predictions.json -o eval.json",
                "data_hash": "0x42038de006b4ee3990047741c32b05ff8a3b8c7c",
                "dependencies": [
                    {
                        "child_path": "evaluate-v2.0.py",
                        "child_uuid": "0xe96b222d0df248fabc70379813f98726",
                        "parent_name": "evaluate-v2.0.py",
                        "parent_path": "",
                        "parent_uuid": "0x6b567e1cf2e041ec80d7098f031c5c9e"
                    },
                    {
                        "child_path": "data.json",
                        "child_uuid": "0xe96b222d0df248fabc70379813f98726",
                        "parent_name": "test-v2.0.json",
                        "parent_path": "",
                        "parent_uuid": "0x4fd2e12372a444ed90ba3f186794777c"
                    },
                    {
                        "child_path": "predictions.json",
                        "child_uuid": "0xe96b222d0df248fabc70379813f98726",
                        "parent_name": "RachelK-predictions-bsaeVerb-predict",
                        "parent_path": "",
                        "parent_uuid": "0x495abaf8d6874d9ea476ae19407d93b3"
                    }
                ],
                "id": "0xe96b222d0df248fabc70379813f98726",
                "is_anonymous": false,
                "metadata": {
                    "actions": [],
                    "allow_failed_dependencies": false,
                    "created": 1530469903,
                    "data_size": 4340,
                    "description": "{\"submit_id\": \"0x3e9088a61e124f6d8c2bf7c6059230c7\", \"predict_id\": \"0x495abaf8d6874d9ea476ae19407d93b3\", \"submitter_id\": \"0xcda37f16b4ab453b89ede9808bd81ae4\"}",
                    "docker_image": "codalab/ubuntu@sha256:a8369aaa7afdb4d242104d85aa660c034a7bf89e438963bf73ba197fe3731be0",
                    "exitcode": 0,
                    "last_updated": 1530474225,
                    "memory_max": 0.0,
                    "name": "RachelK-predictions-bsaeVerb-results",
                    "remote": "vm-clws-prod-surgeworker-6",
                    "request_cpus": 1,
                    "request_disk": "4g",
                    "request_docker_image": "codalab/ubuntu:1.9",
                    "request_gpus": 0,
                    "request_memory": "2g",
                    "request_network": false,
                    "request_priority": 0,
                    "request_queue": "",
                    "request_time": "1d",
                    "run_status": "Finished",
                    "started": 1530474221,
                    "tags": [
                        "nurdauqs-test-eval"
                    ],
                    "time": 3.93846893311
                },
                "owner": {
                    "id": "20891",
                    "type": "users"
                },
                "permission": 2,
                "permission_spec": "all",
                "state": "ready",
                "uuid": "0xe96b222d0df248fabc70379813f98726"
            },
            "scores": {
                "exact_match": 63.38298352516362,
                "f1": 67.47790016323609
            },
            "submission": {
                "created": 1530099993,
                "description": "BSAE AddText (single model) (reciTAL.ai)",
                "num_period_submissions": 0,
                "num_total_submissions": 1,
                "public": true,
                "user_name": "RachelK"
            }
        },
        {
            "bundle": {
                "args": "run evaluate-v2.0.py:0x6b567e1cf2e041ec80d7098f031c5c9e data.json:0x4fd2e12372a444ed90ba3f186794777c predictions.json:0xe0653a535a164f34928dddd4f42e95d4 \"python evaluate-v2.0.py data.json predictions.json -o eval.json\" --request-cpus 1 --request-time 1d --request-memory 2g --request-docker-image codalab/ubuntu:1.9 --request-disk 4g",
                "bundle_type": "run",
                "command": "python evaluate-v2.0.py data.json predictions.json -o eval.json",
                "data_hash": "0x1b62eb95d7efae78a07d61f0b5ae123586283231",
                "dependencies": [
                    {
                        "child_path": "evaluate-v2.0.py",
                        "child_uuid": "0xba3fb1d590c041fbb09bfc5c28d117d2",
                        "parent_name": "evaluate-v2.0.py",
                        "parent_path": "",
                        "parent_uuid": "0x6b567e1cf2e041ec80d7098f031c5c9e"
                    },
                    {
                        "child_path": "data.json",
                        "child_uuid": "0xba3fb1d590c041fbb09bfc5c28d117d2",
                        "parent_name": "test-v2.0.json",
                        "parent_path": "",
                        "parent_uuid": "0x4fd2e12372a444ed90ba3f186794777c"
                    },
                    {
                        "child_path": "predictions.json",
                        "child_uuid": "0xba3fb1d590c041fbb09bfc5c28d117d2",
                        "parent_name": "liu4lin-predictions-eeAttNet-predict",
                        "parent_path": "",
                        "parent_uuid": "0xe0653a535a164f34928dddd4f42e95d4"
                    }
                ],
                "id": "0xba3fb1d590c041fbb09bfc5c28d117d2",
                "is_anonymous": false,
                "metadata": {
                    "actions": [],
                    "allow_failed_dependencies": false,
                    "created": 1534478629,
                    "data_size": 4337,
                    "description": "{\"submit_id\": \"0xb09c645a7b7648de8e4dd17214a424e1\", \"predict_id\": \"0xe0653a535a164f34928dddd4f42e95d4\", \"submitter_id\": \"0xdf02e76eb0384fa1b4268719ebf577c5\"}",
                    "docker_image": "codalab/ubuntu@sha256:a8369aaa7afdb4d242104d85aa660c034a7bf89e438963bf73ba197fe3731be0",
                    "exitcode": 0,
                    "last_updated": 1534499912,
                    "name": "liu4lin-predictions-eeAttNet-results",
                    "remote": "vm-clws-prod-worker-0",
                    "request_cpus": 1,
                    "request_disk": "4g",
                    "request_docker_image": "codalab/ubuntu:1.9",
                    "request_gpus": 0,
                    "request_memory": "2g",
                    "request_network": false,
                    "request_priority": 0,
                    "request_queue": "",
                    "request_time": "1d",
                    "run_status": "Upload started",
                    "started": 1534498667,
                    "tags": [
                        "nurdauqs-test-eval"
                    ],
                    "time": 15.2562520504
                },
                "owner": {
                    "id": "20891",
                    "type": "users"
                },
                "permission": 2,
                "permission_spec": "all",
                "state": "ready",
                "uuid": "0xba3fb1d590c041fbb09bfc5c28d117d2"
            },
            "scores": {
                "exact_match": 63.36041525614986,
                "f1": 66.63767336005667
            },
            "submission": {
                "created": 1534239909,
                "description": "eeAttNet (single model) (BBD NLP Team) https://www.bbdservice.com",
                "num_period_submissions": 0,
                "num_total_submissions": 1,
                "public": true,
                "user_name": "liu4lin"
            }
        },
        {
            "bundle": {
                "args": "run evaluate-v2.0.py:0x6b567e1cf2e041ec80d7098f031c5c9e data.json:0x4fd2e12372a444ed90ba3f186794777c predictions.json:0x956116485acb487693217147e2c8c99c \"python evaluate-v2.0.py data.json predictions.json -o eval.json\" --request-cpus 1 --request-time 1d --request-memory 2g --request-docker-image codalab/ubuntu:1.9 --request-disk 4g",
                "bundle_type": "run",
                "command": "python evaluate-v2.0.py data.json predictions.json -o eval.json",
                "data_hash": "0x22ae6b1af8c881bf171be7252e25251bf2aa1864",
                "dependencies": [
                    {
                        "child_path": "evaluate-v2.0.py",
                        "child_uuid": "0xba1e1492038141a0acfec3cb6de11031",
                        "parent_name": "evaluate-v2.0.py",
                        "parent_path": "",
                        "parent_uuid": "0x6b567e1cf2e041ec80d7098f031c5c9e"
                    },
                    {
                        "child_path": "data.json",
                        "child_uuid": "0xba1e1492038141a0acfec3cb6de11031",
                        "parent_name": "test-v2.0.json",
                        "parent_path": "",
                        "parent_uuid": "0x4fd2e12372a444ed90ba3f186794777c"
                    },
                    {
                        "child_path": "predictions.json",
                        "child_uuid": "0xba1e1492038141a0acfec3cb6de11031",
                        "parent_name": "robinjia-elmo-pred.json-predict",
                        "parent_path": "",
                        "parent_uuid": "0x956116485acb487693217147e2c8c99c"
                    }
                ],
                "id": "0xba1e1492038141a0acfec3cb6de11031",
                "is_anonymous": false,
                "metadata": {
                    "actions": [],
                    "allow_failed_dependencies": false,
                    "created": 1528205445,
                    "data_size": 4339,
                    "description": "{\"submit_id\": \"0x2d5cf8f56e164de8837cb8ed30f15f59\", \"predict_id\": \"0x956116485acb487693217147e2c8c99c\", \"submitter_id\": \"20891\"}",
                    "docker_image": "codalab/ubuntu@sha256:a8369aaa7afdb4d242104d85aa660c034a7bf89e438963bf73ba197fe3731be0",
                    "exitcode": 0,
                    "last_updated": 1528209642,
                    "memory_max": 0.0,
                    "name": "robinjia-elmo-pred.json-results",
                    "remote": "vm-clws-prod-surgeworker-4",
                    "request_cpus": 1,
                    "request_disk": "4g",
                    "request_docker_image": "codalab/ubuntu:1.9",
                    "request_gpus": 0,
                    "request_memory": "2g",
                    "request_network": false,
                    "request_priority": 0,
                    "request_queue": "",
                    "request_time": "1d",
                    "run_status": "Finished",
                    "started": 1528209638,
                    "tags": [
                        "nurdauqs-test-eval"
                    ],
                    "time": 4.09869599342
                },
                "owner": {
                    "id": "20891",
                    "type": "users"
                },
                "permission": 2,
                "permission_spec": "all",
                "state": "ready",
                "uuid": "0xba1e1492038141a0acfec3cb6de11031"
            },
            "scores": {
                "exact_match": 63.38298352516362,
                "f1": 66.26232081661188
            },
            "submission": {
                "created": 1527733469,
                "description": "BiDAF + Self Attention + ELMo (single model) (Allen Institute for Artificial Intelligence [modified by Stanford])",
                "num_period_submissions": 0,
                "num_total_submissions": 3,
                "public": true,
                "user_name": "robinjia"
            }
        },
        {
            "bundle": {
                "args": "run evaluate-v2.0.py:0x6b567e1cf2e041ec80d7098f031c5c9e data.json:0x4fd2e12372a444ed90ba3f186794777c predictions.json:0xab8f2416c45547599f94c0ec0191db43 \"python evaluate-v2.0.py data.json predictions.json -o eval.json\" --request-cpus 1 --request-time 1d --request-memory 2g --request-docker-image codalab/ubuntu:1.9 --request-disk 4g",
                "bundle_type": "run",
                "command": "python evaluate-v2.0.py data.json predictions.json -o eval.json",
                "data_hash": "0x32b5400b442bac14682d0784c147ecd9a8bb7d8a",
                "dependencies": [
                    {
                        "child_path": "evaluate-v2.0.py",
                        "child_uuid": "0xeb51dc096b7c4665b0f2addd602dbae5",
                        "parent_name": "evaluate-v2.0.py",
                        "parent_path": "",
                        "parent_uuid": "0x6b567e1cf2e041ec80d7098f031c5c9e"
                    },
                    {
                        "child_path": "data.json",
                        "child_uuid": "0xeb51dc096b7c4665b0f2addd602dbae5",
                        "parent_name": "test-v2.0.json",
                        "parent_path": "",
                        "parent_uuid": "0x4fd2e12372a444ed90ba3f186794777c"
                    },
                    {
                        "child_path": "predictions.json",
                        "child_uuid": "0xeb51dc096b7c4665b0f2addd602dbae5",
                        "parent_name": "ewrfcas-predictions-qanet_elmo-predict",
                        "parent_path": "",
                        "parent_uuid": "0xab8f2416c45547599f94c0ec0191db43"
                    }
                ],
                "id": "0xeb51dc096b7c4665b0f2addd602dbae5",
                "is_anonymous": false,
                "metadata": {
                    "actions": [],
                    "allow_failed_dependencies": false,
                    "created": 1534056839,
                    "data_size": 4339,
                    "description": "",
                    "docker_image": "codalab/ubuntu@sha256:a8369aaa7afdb4d242104d85aa660c034a7bf89e438963bf73ba197fe3731be0",
                    "exitcode": 0,
                    "last_updated": 1534058530,
                    "name": "ewrfcas-predictions-qanet_elmo-results",
                    "remote": "vm-clws-prod-worker-2",
                    "request_cpus": 1,
                    "request_disk": "4g",
                    "request_docker_image": "codalab/ubuntu:1.9",
                    "request_gpus": 0,
                    "request_memory": "2g",
                    "request_network": false,
                    "request_priority": 0,
                    "request_queue": "",
                    "request_time": "1d",
                    "run_status": "Upload started",
                    "started": 1534058448,
                    "tags": [
                        "nurdauqs-test-eval"
                    ],
                    "time": 20.9609539509
                },
                "owner": {
                    "id": "20891",
                    "type": "users"
                },
                "permission": 2,
                "permission_spec": "all",
                "state": "ready",
                "uuid": "0xeb51dc096b7c4665b0f2addd602dbae5"
            },
            "scores": {
                "exact_match": 62.502821033626724,
                "f1": 65.8973463855397
            },
            "submission": {
                "created": 1534056839,
                "description": "",
                "num_period_submissions": 0,
                "num_total_submissions": 0,
                "public": null,
                "user_name": null
            }
        },
        {
            "bundle": {
                "args": "run evaluate-v2.0.py:0x6b567e1cf2e041ec80d7098f031c5c9e data.json:0x4fd2e12372a444ed90ba3f186794777c predictions.json:0xcfeda55b299a4dd0ab2cbded52e5ebb1 \"python evaluate-v2.0.py data.json predictions.json -o eval.json\" --request-cpus 1 --request-time 1d --request-memory 2g --request-docker-image codalab/ubuntu:1.9 --request-disk 4g",
                "bundle_type": "run",
                "command": "python evaluate-v2.0.py data.json predictions.json -o eval.json",
                "data_hash": "0x83769ea9b23ea53a73254cf00ffbe0cac3ea84b6",
                "dependencies": [
                    {
                        "child_path": "evaluate-v2.0.py",
                        "child_uuid": "0x09484aca6b35493f9f9430f961319247",
                        "parent_name": "evaluate-v2.0.py",
                        "parent_path": "",
                        "parent_uuid": "0x6b567e1cf2e041ec80d7098f031c5c9e"
                    },
                    {
                        "child_path": "data.json",
                        "child_uuid": "0x09484aca6b35493f9f9430f961319247",
                        "parent_name": "test-v2.0.json",
                        "parent_path": "",
                        "parent_uuid": "0x4fd2e12372a444ed90ba3f186794777c"
                    },
                    {
                        "child_path": "predictions.json",
                        "child_uuid": "0x09484aca6b35493f9f9430f961319247",
                        "parent_name": "robinjia-docqa-pred.json-predict",
                        "parent_path": "",
                        "parent_uuid": "0xcfeda55b299a4dd0ab2cbded52e5ebb1"
                    }
                ],
                "id": "0x09484aca6b35493f9f9430f961319247",
                "is_anonymous": false,
                "metadata": {
                    "actions": [],
                    "allow_failed_dependencies": false,
                    "created": 1528205434,
                    "data_size": 4340,
                    "description": "{\"submit_id\": \"0xad149cd014744a54a91e16d617d0cb96\", \"predict_id\": \"0xcfeda55b299a4dd0ab2cbded52e5ebb1\", \"submitter_id\": \"20891\"}",
                    "docker_image": "codalab/ubuntu@sha256:a8369aaa7afdb4d242104d85aa660c034a7bf89e438963bf73ba197fe3731be0",
                    "exitcode": 0,
                    "last_updated": 1528206012,
                    "memory_max": 0.0,
                    "name": "robinjia-docqa-pred.json-results",
                    "remote": "vm-clws-prod-worker-2",
                    "request_cpus": 1,
                    "request_disk": "4g",
                    "request_docker_image": "codalab/ubuntu:1.9",
                    "request_gpus": 0,
                    "request_memory": "2g",
                    "request_network": false,
                    "request_priority": 0,
                    "request_queue": "",
                    "request_time": "1d",
                    "run_status": "Finished",
                    "started": 1528206007,
                    "tags": [
                        "nurdauqs-test-eval"
                    ],
                    "time": 4.27189302444
                },
                "owner": {
                    "id": "20891",
                    "type": "users"
                },
                "permission": 2,
                "permission_spec": "all",
                "state": "ready",
                "uuid": "0x09484aca6b35493f9f9430f961319247"
            },
            "scores": {
                "exact_match": 59.331979237192506,
                "f1": 62.30540354083264
            },
            "submission": {
                "created": 1527733463,
                "description": "BiDAF + Self Attention (single model) (Allen Institute for Artificial Intelligence [modified by Stanford])",
                "num_period_submissions": 0,
                "num_total_submissions": 3,
                "public": false,
                "user_name": "robinjia"
            }
        },
        {
            "bundle": {
                "args": "run evaluate-v2.0.py:0x6b567e1cf2e041ec80d7098f031c5c9e data.json:0x4fd2e12372a444ed90ba3f186794777c predictions.json:0x6545ef0a5dbb4bf894282bb592bd2cbf \"python evaluate-v2.0.py data.json predictions.json -o eval.json\" --request-cpus 1 --request-time 1d --request-memory 2g --request-docker-image codalab/ubuntu:1.9 --request-disk 4g",
                "bundle_type": "run",
                "command": "python evaluate-v2.0.py data.json predictions.json -o eval.json",
                "data_hash": "0x3c7b4bba6155e47930a33b9f5dacb3a351613f7a",
                "dependencies": [
                    {
                        "child_path": "evaluate-v2.0.py",
                        "child_uuid": "0xaa753040b93f46f09bc9bd8461dea990",
                        "parent_name": "evaluate-v2.0.py",
                        "parent_path": "",
                        "parent_uuid": "0x6b567e1cf2e041ec80d7098f031c5c9e"
                    },
                    {
                        "child_path": "data.json",
                        "child_uuid": "0xaa753040b93f46f09bc9bd8461dea990",
                        "parent_name": "test-v2.0.json",
                        "parent_path": "",
                        "parent_uuid": "0x4fd2e12372a444ed90ba3f186794777c"
                    },
                    {
                        "child_path": "predictions.json",
                        "child_uuid": "0xaa753040b93f46f09bc9bd8461dea990",
                        "parent_name": "robinjia-bna-pred.json-predict",
                        "parent_path": "",
                        "parent_uuid": "0x6545ef0a5dbb4bf894282bb592bd2cbf"
                    }
                ],
                "id": "0xaa753040b93f46f09bc9bd8461dea990",
                "is_anonymous": false,
                "metadata": {
                    "actions": [],
                    "allow_failed_dependencies": false,
                    "created": 1528205423,
                    "data_size": 4340,
                    "description": "{\"submit_id\": \"0xa07a7f2421fc484cb61440cd83eaf94b\", \"predict_id\": \"0x6545ef0a5dbb4bf894282bb592bd2cbf\", \"submitter_id\": \"20891\"}",
                    "docker_image": "codalab/ubuntu@sha256:a8369aaa7afdb4d242104d85aa660c034a7bf89e438963bf73ba197fe3731be0",
                    "exitcode": 0,
                    "last_updated": 1528208124,
                    "memory_max": 0.0,
                    "name": "robinjia-bna-pred.json-results",
                    "remote": "vm-clws-prod-worker-2",
                    "request_cpus": 1,
                    "request_disk": "4g",
                    "request_docker_image": "codalab/ubuntu:1.9",
                    "request_gpus": 0,
                    "request_memory": "2g",
                    "request_network": false,
                    "request_priority": 0,
                    "request_queue": "",
                    "request_time": "1d",
                    "run_status": "Finished",
                    "started": 1528208120,
                    "tags": [
                        "nurdauqs-test-eval"
                    ],
                    "time": 3.7547390461
                },
                "owner": {
                    "id": "20891",
                    "type": "users"
                },
                "permission": 2,
                "permission_spec": "all",
                "state": "ready",
                "uuid": "0xaa753040b93f46f09bc9bd8461dea990"
            },
            "scores": {
                "exact_match": 59.17400135409614,
                "f1": 62.09308396535003
            },
            "submission": {
                "created": 1527733455,
                "description": "BiDAF-No-Answer (single model) (University of Washington [modified by Stanford])",
                "num_period_submissions": 0,
                "num_total_submissions": 3,
                "public": false,
                "user_name": "robinjia"
            }
        },
        {
            "bundle": {
                "args": "run evaluate-v2.0.py:0x6b567e1cf2e041ec80d7098f031c5c9e data.json:0x4fd2e12372a444ed90ba3f186794777c predictions.json:0x73f5c4951ff1450cbb5d81aba4d709d8 \"python evaluate-v2.0.py data.json predictions.json -o eval.json\" --request-memory 2g --request-docker-image codalab/ubuntu:1.9 --request-time 1d --request-cpus 1 --request-disk 4g",
                "bundle_type": "run",
                "command": "python evaluate-v2.0.py data.json predictions.json -o eval.json",
                "data_hash": null,
                "dependencies": [
                    {
                        "child_path": "evaluate-v2.0.py",
                        "child_uuid": "0xbd7fca22eabb48cb90527e4d5f94902a",
                        "parent_name": "evaluate-v2.0.py",
                        "parent_path": "",
                        "parent_uuid": "0x6b567e1cf2e041ec80d7098f031c5c9e"
                    },
                    {
                        "child_path": "data.json",
                        "child_uuid": "0xbd7fca22eabb48cb90527e4d5f94902a",
                        "parent_name": "test-v2.0.json",
                        "parent_path": "",
                        "parent_uuid": "0x4fd2e12372a444ed90ba3f186794777c"
                    },
                    {
                        "child_path": "predictions.json",
                        "child_uuid": "0xbd7fca22eabb48cb90527e4d5f94902a",
                        "parent_name": "ehfehf79-predictions-Candi-Net-single-model-predict",
                        "parent_path": "",
                        "parent_uuid": "0x73f5c4951ff1450cbb5d81aba4d709d8"
                    }
                ],
                "id": "0xbd7fca22eabb48cb90527e4d5f94902a",
                "is_anonymous": false,
                "metadata": {
                    "actions": [],
                    "allow_failed_dependencies": false,
                    "created": 1531505629,
                    "description": "",
                    "failure_message": "Parent bundles failed: 0x73f5c4951ff1450cbb5d81aba4d709d8",
                    "name": "ehfehf79-predictions-Candi-Net-single-model-results",
                    "request_cpus": 1,
                    "request_disk": "4g",
                    "request_docker_image": "codalab/ubuntu:1.9",
                    "request_gpus": 0,
                    "request_memory": "2g",
                    "request_network": false,
                    "request_priority": 0,
                    "request_queue": "",
                    "request_time": "1d",
                    "tags": [
                        "nurdauqs-test-eval"
                    ]
                },
                "owner": {
                    "id": "20891",
                    "type": "users"
                },
                "permission": 2,
                "permission_spec": "all",
                "state": "failed",
                "uuid": "0xbd7fca22eabb48cb90527e4d5f94902a"
            },
            "scores": {
                "exact_match": null,
                "f1": null
            },
            "submission": {
                "created": 1531505629,
                "description": "",
                "num_period_submissions": 0,
                "num_total_submissions": 0,
                "public": null,
                "user_name": null
            }
        },
        {
            "bundle": {
                "args": "run evaluate-v2.0.py:0x6b567e1cf2e041ec80d7098f031c5c9e data.json:0x4fd2e12372a444ed90ba3f186794777c predictions.json:0xc051d4f7f0a44ba0b319ed1dc063109e \"python evaluate-v2.0.py data.json predictions.json -o eval.json\" --request-cpus 1 --request-time 1d --request-memory 2g --request-docker-image codalab/ubuntu:1.9 --request-disk 4g",
                "bundle_type": "run",
                "command": "python evaluate-v2.0.py data.json predictions.json -o eval.json",
                "data_hash": "0xf50cf41086b9325bc4195508f2e202c85e08c647",
                "dependencies": [
                    {
                        "child_path": "evaluate-v2.0.py",
                        "child_uuid": "0x745f9719538445c5a4209d73dbad9d6c",
                        "parent_name": "evaluate-v2.0.py",
                        "parent_path": "",
                        "parent_uuid": "0x6b567e1cf2e041ec80d7098f031c5c9e"
                    },
                    {
                        "child_path": "data.json",
                        "child_uuid": "0x745f9719538445c5a4209d73dbad9d6c",
                        "parent_name": "test-v2.0.json",
                        "parent_path": "",
                        "parent_uuid": "0x4fd2e12372a444ed90ba3f186794777c"
                    },
                    {
                        "child_path": "predictions.json",
                        "child_uuid": "0x745f9719538445c5a4209d73dbad9d6c",
                        "parent_name": "ehfehf7979-predictions-Candi-Net-single-model-predict",
                        "parent_path": "",
                        "parent_uuid": "0xc051d4f7f0a44ba0b319ed1dc063109e"
                    }
                ],
                "id": "0x745f9719538445c5a4209d73dbad9d6c",
                "is_anonymous": false,
                "metadata": {
                    "actions": [],
                    "allow_failed_dependencies": false,
                    "created": 1532753516,
                    "data_size": 4096,
                    "description": "{\"submit_id\": \"0x62a480aabc754213b18f7fdcffa5c9df\", \"predict_id\": \"0xc051d4f7f0a44ba0b319ed1dc063109e\", \"submitter_id\": \"0x4c86e80b9e7c42e1ba0b20f5639a35e3\"}",
                    "failure_message": "Unable to get bundle contents from bundle service: Not Found - Invalid path \"\" in bundle with UUID (0xc051d4f7f0a44ba0b319ed1dc063109e)",
                    "last_updated": 1532754379,
                    "name": "ehfehf7979-predictions-Candi-Net-single-model-results",
                    "remote": "vm-clws-prod-gpuworker-2",
                    "request_cpus": 1,
                    "request_disk": "4g",
                    "request_docker_image": "codalab/ubuntu:1.9",
                    "request_gpus": 0,
                    "request_memory": "2g",
                    "request_network": false,
                    "request_priority": 0,
                    "request_queue": "",
                    "request_time": "1d",
                    "run_status": "Finished",
                    "started": 1532754378,
                    "tags": [
                        "nurdauqs-test-eval"
                    ],
                    "time": 1.49126911163
                },
                "owner": {
                    "id": "20891",
                    "type": "users"
                },
                "permission": 2,
                "permission_spec": "all",
                "state": "failed",
                "uuid": "0x745f9719538445c5a4209d73dbad9d6c"
            },
            "scores": {
                "exact_match": null,
                "f1": null
            },
            "submission": {
                "created": 1532701392,
                "description": "Candi-Net (single model) (42Maru NLP Team)",
                "num_period_submissions": 0,
                "num_total_submissions": 1,
                "public": false,
                "user_name": "ehfehf7979"
            }
        },
        {
            "bundle": {
                "args": "run evaluate-v2.0.py:0x6b567e1cf2e041ec80d7098f031c5c9e data.json:0x4fd2e12372a444ed90ba3f186794777c predictions.json:0xddc5f398777f46e1ae3afd4e4dd16df6 \"python evaluate-v2.0.py data.json predictions.json -o eval.json\" --request-cpus 1 --request-time 1d --request-memory 2g --request-docker-image codalab/ubuntu:1.9 --request-disk 4g",
                "bundle_type": "run",
                "command": "python evaluate-v2.0.py data.json predictions.json -o eval.json",
                "data_hash": "0xb4649162b735bbc2bd4571c4fffe66323e453328",
                "dependencies": [
                    {
                        "child_path": "evaluate-v2.0.py",
                        "child_uuid": "0xfcbbf9c3fc034c6a9e67cbd0831f76b0",
                        "parent_name": "evaluate-v2.0.py",
                        "parent_path": "",
                        "parent_uuid": "0x6b567e1cf2e041ec80d7098f031c5c9e"
                    },
                    {
                        "child_path": "data.json",
                        "child_uuid": "0xfcbbf9c3fc034c6a9e67cbd0831f76b0",
                        "parent_name": "test-v2.0.json",
                        "parent_path": "",
                        "parent_uuid": "0x4fd2e12372a444ed90ba3f186794777c"
                    },
                    {
                        "child_path": "predictions.json",
                        "child_uuid": "0xfcbbf9c3fc034c6a9e67cbd0831f76b0",
                        "parent_name": "TONYZHOU96-predictions-FSNet-predict",
                        "parent_path": "",
                        "parent_uuid": "0xddc5f398777f46e1ae3afd4e4dd16df6"
                    }
                ],
                "id": "0xfcbbf9c3fc034c6a9e67cbd0831f76b0",
                "is_anonymous": false,
                "metadata": {
                    "actions": [],
                    "allow_failed_dependencies": false,
                    "created": 1531206773,
                    "data_size": 429823,
                    "description": "{\"submit_id\": \"0x0edaef8d2e8649eaaa72b9ca2b2b6ffa\", \"predict_id\": \"0xddc5f398777f46e1ae3afd4e4dd16df6\", \"submitter_id\": \"0x2dbf46df01814e81863c14e5a4e54935\"}",
                    "docker_image": "codalab/ubuntu@sha256:a8369aaa7afdb4d242104d85aa660c034a7bf89e438963bf73ba197fe3731be0",
                    "exitcode": 1,
                    "failure_message": "Exit code 1",
                    "last_updated": 1531207970,
                    "memory_max": 0.0,
                    "name": "TONYZHOU96-predictions-FSNet-results",
                    "remote": "vm-clws-prod-surgeworker-6",
                    "request_cpus": 1,
                    "request_disk": "4g",
                    "request_docker_image": "codalab/ubuntu:1.9",
                    "request_gpus": 0,
                    "request_memory": "2g",
                    "request_network": false,
                    "request_priority": 0,
                    "request_queue": "",
                    "request_time": "1d",
                    "run_status": "Finished",
                    "started": 1531207967,
                    "tags": [
                        "nurdauqs-test-eval"
                    ],
                    "time": 2.9417719841
                },
                "owner": {
                    "id": "20891",
                    "type": "users"
                },
                "permission": 2,
                "permission_spec": "all",
                "state": "failed",
                "uuid": "0xfcbbf9c3fc034c6a9e67cbd0831f76b0"
            },
            "scores": {
                "exact_match": null,
                "f1": null
            },
            "submission": {
                "created": 1531108036,
                "description": "FSNet (single model) Fudan University",
                "num_period_submissions": 0,
                "num_total_submissions": 2,
                "public": true,
                "user_name": "TONYZHOU96"
            }
        },
        {
            "bundle": {
                "args": "run evaluate-v2.0.py:0x6b567e1cf2e041ec80d7098f031c5c9e data.json:0x4fd2e12372a444ed90ba3f186794777c predictions.json:0xe964e66b95d14c868a62f63687ccae26 \"python evaluate-v2.0.py data.json predictions.json -o eval.json\" --request-memory 2g --request-docker-image codalab/ubuntu:1.9 --request-time 1d --request-cpus 1 --request-disk 4g",
                "bundle_type": "run",
                "command": "python evaluate-v2.0.py data.json predictions.json -o eval.json",
                "data_hash": null,
                "dependencies": [
                    {
                        "child_path": "evaluate-v2.0.py",
                        "child_uuid": "0xb8e5b2476310439cb8b2bb95c904e34b",
                        "parent_name": "evaluate-v2.0.py",
                        "parent_path": "",
                        "parent_uuid": "0x6b567e1cf2e041ec80d7098f031c5c9e"
                    },
                    {
                        "child_path": "data.json",
                        "child_uuid": "0xb8e5b2476310439cb8b2bb95c904e34b",
                        "parent_name": "test-v2.0.json",
                        "parent_path": "",
                        "parent_uuid": "0x4fd2e12372a444ed90ba3f186794777c"
                    },
                    {
                        "child_path": "predictions.json",
                        "child_uuid": "0xb8e5b2476310439cb8b2bb95c904e34b",
                        "parent_name": "yimmon-predictions-ARRR-predict",
                        "parent_path": "",
                        "parent_uuid": "0xe964e66b95d14c868a62f63687ccae26"
                    }
                ],
                "id": "0xb8e5b2476310439cb8b2bb95c904e34b",
                "is_anonymous": false,
                "metadata": {
                    "actions": [],
                    "allow_failed_dependencies": false,
                    "created": 1535351020,
                    "description": "{\"submit_id\": \"0x285222d62c424a87b96565e35e622871\", \"predict_id\": \"0xe964e66b95d14c868a62f63687ccae26\", \"submitter_id\": \"0x183e4e1a7a994fdcb89f4822715701c8\"}",
                    "name": "yimmon-predictions-ARRR-results",
                    "request_cpus": 1,
                    "request_disk": "4g",
                    "request_docker_image": "codalab/ubuntu:1.9",
                    "request_gpus": 0,
                    "request_memory": "2g",
                    "request_network": false,
                    "request_priority": 0,
                    "request_queue": "",
                    "request_time": "1d",
                    "tags": [
                        "nurdauqs-test-eval"
                    ]
                },
                "owner": {
                    "id": "20891",
                    "type": "users"
                },
                "permission": 2,
                "permission_spec": "all",
                "state": "created",
                "uuid": "0xb8e5b2476310439cb8b2bb95c904e34b"
            },
            "scores": {
                "exact_match": null,
                "f1": null
            },
            "submission": {
                "created": 1535230884,
                "description": "ARRR (single model) (anonymous)",
                "num_period_submissions": 1,
                "num_total_submissions": 1,
                "public": true,
                "user_name": "yimmon"
            }
        }
    ],
    "updated": 1535351025.521167
}